,job_title,company_name,company_location,work_method,post_date,work_time,scraping_date
0,SOC Analyst II,eSentire,"Cork, County Cork, Ireland",On-site,1 day ago,Full-time · Entry level,2022-12-07
1,Mutual Fund Analyst - German Language,Infosys,"Dublin, County Dublin, Ireland",On-site,2 days ago,Full-time · Entry level,2022-12-07
2,Frontend Developer,E-Frontiers,"Dublin, County Dublin, Ireland",Remote,5 days ago,Full-time · Entry level,2022-12-07
3,Emergency Provisioning Analyst,Bandwidth Inc.,"Dublin, County Dublin, Ireland",Remote,5 days ago,Full-time · Entry level,2022-12-07
4,Data Analyst,Ingenio Global,Ireland,On-site,2 days ago,Full-time · Entry level,2022-12-07
5,Database Engineer,Ingenio Global,Ireland,Remote,4 days ago,Full-time · Entry level,2022-12-07
6,Incoming Quality Control (IQC) Analyst,ManpowerGroup Ireland,"Dublin, County Dublin, Ireland",Remote,5 days ago,Full-time · Entry level,2022-12-07
7,Cloud Native Software Engineer,intive,"Dublin City, County Dublin, Ireland",Remote,5 days ago,Full-time · Entry level,2022-12-07
8,Emergency Provisioning Analyst,Bandwidth Inc.,"Dublin City, County Dublin, Ireland",On-site,1 day ago,Full-time,2022-12-07
9,Software Engineer for the Cross-Cloud Database Managed Service - Opportunity for Working Remotely,VMware,"Cork, County Cork, Ireland",Remote,1 day ago,Contract · Entry level,2022-12-07
10,Software Engineer for the Cross-Cloud Database Managed Service - Opportunity for Working Remotely,VMware,"Cork, County Cork, Ireland",On-site,1 day ago,Contract · Entry level,2022-12-07
